{
  "f1-score-tr": 0.8963556851311953,
  "f1-score-it": 0.8699797095935579,
  "f1-score-avg": 0.8831676973623765
}