{
  "f1-score-tr": 0.9170553935860061,
  "f1-score-it": 0.8934975588104749,
  "f1-score-avg": 0.9052764761982405
}