{
  "f1-score-tr": 0.886491739552964,
  "f1-score-it": 0.8985257751569337,
  "f1-score-avg": 0.8925087573549488
}