{
  "f1-score-tr": 0.9226433430515062,
  "f1-score-it": 0.8994758311669098,
  "f1-score-avg": 0.911059587109208
}