{
  "f1-score-tr": 0.8845966958211855,
  "f1-score-it": 0.8907203094286982,
  "f1-score-avg": 0.8876585026249418
}