{
  "f1-score-tr": 0.9045189504373178,
  "f1-score-it": 0.9059988317644776,
  "f1-score-avg": 0.9052588911008976
}