{
  "f1-score-tr": 0.8992711370262391,
  "f1-score-it": 0.8863684399636463,
  "f1-score-avg": 0.8928197884949427
}