{
  "f1-score-tr": 0.9854227405247813,
  "f1-score-it": 0.9742237862743854,
  "f1-score-avg": 0.9798232633995834
}