{
  "f1-score-tr": 0.9110301263362488,
  "f1-score-it": 0.9087787711622597,
  "f1-score-avg": 0.9099044487492542
}