{
  "f1-score-tr": 0.8983965014577259,
  "f1-score-it": 0.8935239786105298,
  "f1-score-avg": 0.8959602400341278
}