{
  "f1-score-tr": 0.8108357628765792,
  "f1-score-it": 0.8049665381223305,
  "f1-score-avg": 0.8079011504994549
}