{
  "f1-score-tr": 0.5349854227405247,
  "f1-score-it": 0.40878828229027964,
  "f1-score-avg": 0.4718868525154022
}