{
  "f1-score-tr": 0.9026239067055394,
  "f1-score-it": 0.899023524189969,
  "f1-score-avg": 0.9008237154477542
}