{
  "f1-score-tr": 0.7405733722060253,
  "f1-score-it": 0.7523654847889202,
  "f1-score-avg": 0.7464694284974727
}