{
  "f1-score-tr": 0.8886783284742467,
  "f1-score-it": 0.868508655126498,
  "f1-score-avg": 0.8785934918003724
}