{
  "f1-score-tr": 0.8912050534499513,
  "f1-score-it": 0.895615850342881,
  "f1-score-avg": 0.8934104518964161
}