{
  "f1-score-tr": 0.9077745383867833,
  "f1-score-it": 0.8987614397734238,
  "f1-score-avg": 0.9032679890801036
}