{
  "f1-score-tr": 0.9000971817298349,
  "f1-score-it": 0.8880396124071224,
  "f1-score-avg": 0.8940683970684786
}