{
  "f1-score-tr": 0.896307094266278,
  "f1-score-it": 0.88869232557648,
  "f1-score-avg": 0.892499709921379
}