{
  "f1-score-tr": 0.9156462585034015,
  "f1-score-it": 0.8834432397015618,
  "f1-score-avg": 0.8995447491024817
}