{
  "f1-score-tr": 0.8469387755102041,
  "f1-score-it": 0.8357337883303262,
  "f1-score-avg": 0.8413362819202652
}