{
  "f1-score-tr": 0.9097667638483965,
  "f1-score-it": 0.9050123644664259,
  "f1-score-avg": 0.9073895641574112
}