{
  "f1-score-tr": 0.7947521865889213,
  "f1-score-it": 0.7381964979834487,
  "f1-score-avg": 0.766474342286185
}