{
  "f1-score-tr": 0.7619290573372207,
  "f1-score-it": 0.7989482998138124,
  "f1-score-avg": 0.7804386785755166
}