{
  "f1-score-tr": 0.8969387755102041,
  "f1-score-it": 0.8911419694375753,
  "f1-score-avg": 0.8940403724738897
}