{
  "f1-score-tr": 0.9197278911564627,
  "f1-score-it": 0.8931565992817657,
  "f1-score-avg": 0.9064422452191142
}