{
  "f1-score-tr": 0.8965014577259475,
  "f1-score-it": 0.8992274850463932,
  "f1-score-avg": 0.8978644713861703
}