{
  "f1-score-tr": 0.8937803692905734,
  "f1-score-it": 0.8827911990362057,
  "f1-score-avg": 0.8882857841633895
}