{
  "f1-score-tr": 0.9126822157434401,
  "f1-score-it": 0.8972665594503144,
  "f1-score-avg": 0.9049743875968772
}