{
  "f1-score-tr": 0.824829931972789,
  "f1-score-it": 0.8709809719796403,
  "f1-score-avg": 0.8479054519762146
}