{
  "f1-score-tr": 0.8952866861030125,
  "f1-score-it": 0.9076530955359183,
  "f1-score-avg": 0.9014698908194654
}