{
  "f1-score-tr": 0.8979591836734694,
  "f1-score-it": 0.8996142709191977,
  "f1-score-avg": 0.8987867272963335
}