{
  "f1-score-tr": 0.5364431486880467,
  "f1-score-it": 0.8968930315135374,
  "f1-score-avg": 0.716668090100792
}