{
  "f1-score-tr": 0.90932944606414,
  "f1-score-it": 0.8695506520406653,
  "f1-score-avg": 0.8894400490524026
}