{
  "f1-score-tr": 0.8925655976676384,
  "f1-score-it": 0.8645118677741848,
  "f1-score-avg": 0.8785387327209115
}