{
  "f1-score-tr": 0.898153547133139,
  "f1-score-it": 0.8849755881047492,
  "f1-score-avg": 0.8915645676189441
}