{
  "f1-score-tr": 0.8981535471331388,
  "f1-score-it": 0.8974774374907529,
  "f1-score-avg": 0.8978154923119459
}