{
  "f1-score-tr": 0.9177356656948493,
  "f1-score-it": 0.8898030139707901,
  "f1-score-avg": 0.9037693398328197
}