{
  "f1-score-tr": 0.8017006802721088,
  "f1-score-it": 0.818214866949887,
  "f1-score-avg": 0.809957773610998
}