{
  "f1-score-tr": 0.9448007774538385,
  "f1-score-it": 0.9383810522958327,
  "f1-score-avg": 0.9415909148748356
}