{
  "f1-score-tr": 0.8339164237123422,
  "f1-score-it": 0.8515714497072686,
  "f1-score-avg": 0.8427439367098054
}