{
  "f1-score-tr": 0.8900874635568513,
  "f1-score-it": 0.882056728594678,
  "f1-score-avg": 0.8860720960757646
}