{
  "f1-score-tr": 0.9127793974732752,
  "f1-score-it": 0.887514002494029,
  "f1-score-avg": 0.900146699983652
}