{
  "f1-score-tr": 0.9666180758017493,
  "f1-score-it": 0.9681715384777967,
  "f1-score-avg": 0.967394807139773
}