{
  "f1-score-tr": 0.8123906705539358,
  "f1-score-it": 0.8905247068362914,
  "f1-score-avg": 0.8514576886951135
}