{
  "f1-score-tr": 0.9168610301263362,
  "f1-score-it": 0.8913670661340435,
  "f1-score-avg": 0.9041140481301899
}