{
  "f1-score-tr": 0.9061710398445091,
  "f1-score-it": 0.8875018013500037,
  "f1-score-avg": 0.8968364205972563
}