{
  "f1-score-tr": 0.9047133138969875,
  "f1-score-it": 0.9044691733772959,
  "f1-score-avg": 0.9045912436371417
}