{
  "f1-score-tr": 0.9036443148688048,
  "f1-score-it": 0.9037759178238539,
  "f1-score-avg": 0.9037101163463294
}