{
  "f1-score-tr": 0.914625850340136,
  "f1-score-it": 0.8613890474076893,
  "f1-score-avg": 0.8880074488739127
}