{
  "f1-score-tr": 0.9012633624878522,
  "f1-score-it": 0.8884239004079216,
  "f1-score-avg": 0.8948436314478869
}