{
  "f1-score-tr": 0.8582604470359572,
  "f1-score-it": 0.8506387827293287,
  "f1-score-avg": 0.8544496148826429
}