{
  "f1-score-tr": 0.9606413994169096,
  "f1-score-it": 0.9423752457041406,
  "f1-score-avg": 0.9515083225605251
}