{
  "f1-score-tr": 0.8938289601554908,
  "f1-score-it": 0.8874791283579566,
  "f1-score-avg": 0.8906540442567237
}