{
  "f1-score-tr": 0.19278785872071305,
  "f1-score-it": 0.40878828229027964,
  "f1-score-avg": 0.30078807050549633
}