{
  "f1-score-tr": 0.5364431486880467,
  "f1-score-it": 0.41011984021304926,
  "f1-score-avg": 0.47328149445054796
}