{
  "f1-score-tr": 0.9927113702623906,
  "f1-score-it": 0.9863885190116882,
  "f1-score-avg": 0.9895499446370395
}