{
  "f1-score-tr": 0.8335762876579202,
  "f1-score-it": 0.8516247696673795,
  "f1-score-avg": 0.8426005286626499
}