{
  "f1-score-tr": 0.8475218658892127,
  "f1-score-it": 0.8579618709445607,
  "f1-score-avg": 0.8527418684168867
}