{
  "f1-score-tr": 0.5364431486880467,
  "f1-score-it": 0.40878828229027964,
  "f1-score-avg": 0.47261571548916315
}