{
  "f1-score-tr": 0.8694363459669582,
  "f1-score-it": 0.8780557140743559,
  "f1-score-avg": 0.873746030020657
}