{
  "f1-score-tr": 0.863265306122449,
  "f1-score-it": 0.8709498446515755,
  "f1-score-avg": 0.8671075753870123
}