{
  "f1-score-tr": 0.8749757045675414,
  "f1-score-it": 0.8870828313571324,
  "f1-score-avg": 0.8810292679623368
}